DayOfWeek,Sales,DayName
1,8216.073073567897,Mon
2,7088.1136557817745,Tue
3,6728.122977961898,Wed
4,6767.310158640564,Thu
5,7072.677012406232,Fri
6,5874.840237959711,Sat
7,8224.723907598107,Sun
