Promo,Sales
No Promo,5929.407603487516
Promo,8228.281239386994
